timestamp,tradeCount,operation,singleColumnIndex_ms,compositeIndex_ms
2025-05-05_02-35-43,100000,getLastTrades,167,67
2025-05-05_02-35-43,100000,getAveragePrice,34,38
2025-05-05_02-35-43,100000,countTrades,32,3
2025-05-05_02-35-43,100000,getMinMaxPrice,25,27
2025-05-05_02-35-43,100000,topSymbolsByVolume,28,25
2025-05-05_02-35-43,100000,insertBatchTrades,109,91
2025-05-05_02-35-43,100000,getTradesBySymbolOnly,27,11
2025-05-05_02-40-39,106473,getLastTrades,50,48
2025-05-05_02-40-39,106473,getAveragePrice,22,25
2025-05-05_02-40-39,106473,countTrades,23,2
2025-05-05_02-40-39,106473,getMinMaxPrice,21,22
2025-05-05_02-40-39,106473,topSymbolsByVolume,24,25
2025-05-05_02-40-39,106473,insertBatchTrades,17,16
2025-05-05_02-40-39,106473,getTradesBySymbolOnly,9,6
2025-05-05_02-40-44,178029,getLastTrades,60,74
2025-05-05_02-40-44,178029,getAveragePrice,37,39
2025-05-05_02-40-44,178029,countTrades,35,3
2025-05-05_02-40-44,178029,getMinMaxPrice,34,39
2025-05-05_02-40-44,178029,topSymbolsByVolume,41,45
2025-05-05_02-40-44,178029,insertBatchTrades,110,141
2025-05-05_02-40-44,178029,getTradesBySymbolOnly,7,8
2025-05-05_02-40-48,123837,getLastTrades,40,54
2025-05-05_02-40-48,123837,getAveragePrice,24,26
2025-05-05_02-40-48,123837,countTrades,25,1
2025-05-05_02-40-48,123837,getMinMaxPrice,24,26
2025-05-05_02-40-48,123837,topSymbolsByVolume,28,32
2025-05-05_02-40-48,123837,insertBatchTrades,35,17
2025-05-05_02-40-48,123837,getTradesBySymbolOnly,5,2
2025-05-05_02-40-52,84821,getLastTrades,36,42
2025-05-05_02-40-52,84821,getAveragePrice,18,26
2025-05-05_02-40-52,84821,countTrades,23,2
2025-05-05_02-40-52,84821,getMinMaxPrice,21,22
2025-05-05_02-40-52,84821,topSymbolsByVolume,24,24
2025-05-05_02-40-52,84821,insertBatchTrades,33,21
2025-05-05_02-40-52,84821,getTradesBySymbolOnly,6,5
2025-05-05_02-40-54,56392,getLastTrades,39,32
2025-05-05_02-40-54,56392,getAveragePrice,20,17
2025-05-05_02-40-54,56392,countTrades,18,2
2025-05-05_02-40-54,56392,getMinMaxPrice,16,23
2025-05-05_02-40-54,56392,topSymbolsByVolume,19,24
2025-05-05_02-40-54,56392,insertBatchTrades,26,21
2025-05-05_02-40-54,56392,getTradesBySymbolOnly,16,7
2025-05-05_02-40-59,125918,getLastTrades,46,54
2025-05-05_02-40-59,125918,getAveragePrice,26,30
2025-05-05_02-40-59,125918,countTrades,27,3
2025-05-05_02-40-59,125918,getMinMaxPrice,26,30
2025-05-05_02-40-59,125918,topSymbolsByVolume,30,35
2025-05-05_02-40-59,125918,insertBatchTrades,281,213
2025-05-05_02-40-59,125918,getTradesBySymbolOnly,10,10
2025-05-05_02-41-04,193141,getLastTrades,69,64
2025-05-05_02-41-04,193141,getAveragePrice,38,37
2025-05-05_02-41-04,193141,countTrades,40,2
2025-05-05_02-41-04,193141,getMinMaxPrice,38,38
2025-05-05_02-41-04,193141,topSymbolsByVolume,43,44
2025-05-05_02-41-04,193141,insertBatchTrades,15,15
2025-05-05_02-41-04,193141,getTradesBySymbolOnly,5,3
2025-05-05_02-41-08,82910,getLastTrades,39,51
2025-05-05_02-41-08,82910,getAveragePrice,18,25
2025-05-05_02-41-08,82910,countTrades,17,2
2025-05-05_02-41-08,82910,getMinMaxPrice,17,23
2025-05-05_02-41-08,82910,topSymbolsByVolume,19,21
2025-05-05_02-41-08,82910,insertBatchTrades,92,108
2025-05-05_02-41-08,82910,getTradesBySymbolOnly,20,11
2025-05-05_02-41-12,83362,getLastTrades,46,49
2025-05-05_02-41-12,83362,getAveragePrice,23,26
2025-05-05_02-41-12,83362,countTrades,19,3
2025-05-05_02-41-12,83362,getMinMaxPrice,18,21
2025-05-05_02-41-12,83362,topSymbolsByVolume,24,24
2025-05-05_02-41-12,83362,insertBatchTrades,129,148
2025-05-05_02-41-12,83362,getTradesBySymbolOnly,2,5
2025-05-05_02-41-17,125257,getLastTrades,56,59
2025-05-05_02-41-17,125257,getAveragePrice,32,43
2025-05-05_02-41-17,125257,countTrades,27,4
2025-05-05_02-41-17,125257,getMinMaxPrice,25,59
2025-05-05_02-41-17,125257,topSymbolsByVolume,34,37
2025-05-05_02-41-17,125257,insertBatchTrades,253,266
2025-05-05_02-41-17,125257,getTradesBySymbolOnly,17,14
2025-05-05_02-41-20,52292,getLastTrades,42,42
2025-05-05_02-41-20,52292,getAveragePrice,16,23
2025-05-05_02-41-20,52292,countTrades,17,3
2025-05-05_02-41-20,52292,getMinMaxPrice,17,22
2025-05-05_02-41-20,52292,topSymbolsByVolume,20,22
2025-05-05_02-41-20,52292,insertBatchTrades,29,37
2025-05-05_02-41-20,52292,getTradesBySymbolOnly,16,5
2025-05-05_02-41-25,159521,getLastTrades,60,59
2025-05-05_02-41-25,159521,getAveragePrice,31,38
2025-05-05_02-41-25,159521,countTrades,32,4
2025-05-05_02-41-25,159521,getMinMaxPrice,33,45
2025-05-05_02-41-25,159521,topSymbolsByVolume,36,46
2025-05-05_02-41-25,159521,insertBatchTrades,262,238
2025-05-05_02-41-25,159521,getTradesBySymbolOnly,12,7
2025-05-05_02-41-31,155917,getLastTrades,53,72
2025-05-05_02-41-31,155917,getAveragePrice,46,37
2025-05-05_02-41-31,155917,countTrades,37,3
2025-05-05_02-41-31,155917,getMinMaxPrice,31,36
2025-05-05_02-41-31,155917,topSymbolsByVolume,44,43
2025-05-05_02-41-31,155917,insertBatchTrades,241,235
2025-05-05_02-41-31,155917,getTradesBySymbolOnly,9,7
2025-05-05_02-41-37,199697,getLastTrades,50,48
2025-05-05_02-41-37,199697,getAveragePrice,39,42
2025-05-05_02-41-37,199697,countTrades,54,3
2025-05-05_02-41-37,199697,getMinMaxPrice,54,43
2025-05-05_02-41-37,199697,topSymbolsByVolume,62,47
2025-05-05_02-41-37,199697,insertBatchTrades,64,144
2025-05-05_02-41-37,199697,getTradesBySymbolOnly,3,4
2025-05-05_02-41-41,91619,getLastTrades,33,4
2025-05-05_02-41-41,91619,getAveragePrice,32,10
2025-05-05_02-41-41,91619,countTrades,22,5
2025-05-05_02-41-41,91619,getMinMaxPrice,24,22
2025-05-05_02-41-41,91619,topSymbolsByVolume,39,43
2025-05-05_02-41-41,91619,insertBatchTrades,123,142
2025-05-05_02-41-41,91619,getTradesBySymbolOnly,2,2
2025-05-05_02-41-47,144765,getLastTrades,77,77
2025-05-05_02-41-47,144765,getAveragePrice,50,47
2025-05-05_02-41-47,144765,countTrades,45,3
2025-05-05_02-41-47,144765,getMinMaxPrice,29,47
2025-05-05_02-41-47,144765,topSymbolsByVolume,34,39
2025-05-05_02-41-47,144765,insertBatchTrades,149,158
2025-05-05_02-41-47,144765,getTradesBySymbolOnly,8,8
2025-05-05_02-41-52,139045,getLastTrades,50,63
2025-05-05_02-41-52,139045,getAveragePrice,28,31
2025-05-05_02-41-52,139045,countTrades,29,2
2025-05-05_02-41-52,139045,getMinMaxPrice,28,30
2025-05-05_02-41-52,139045,topSymbolsByVolume,31,34
2025-05-05_02-41-52,139045,insertBatchTrades,163,140
2025-05-05_02-41-52,139045,getTradesBySymbolOnly,5,8
2025-05-05_02-41-57,121733,getLastTrades,48,52
2025-05-05_02-41-57,121733,getAveragePrice,26,29
2025-05-05_02-41-57,121733,countTrades,26,3
2025-05-05_02-41-57,121733,getMinMaxPrice,24,44
2025-05-05_02-41-57,121733,topSymbolsByVolume,28,42
2025-05-05_02-41-57,121733,insertBatchTrades,302,313
2025-05-05_02-41-57,121733,getTradesBySymbolOnly,8,18
2025-05-05_02-42-02,74302,getLastTrades,68,66
2025-05-05_02-42-02,74302,getAveragePrice,27,35
2025-05-05_02-42-02,74302,countTrades,27,5
2025-05-05_02-42-02,74302,getMinMaxPrice,18,36
2025-05-05_02-42-02,74302,topSymbolsByVolume,18,27
2025-05-05_02-42-02,74302,insertBatchTrades,223,270
2025-05-05_02-42-02,74302,getTradesBySymbolOnly,8,9
2025-05-05_02-42-05,56106,getLastTrades,50,45
2025-05-05_02-42-05,56106,getAveragePrice,23,25
2025-05-05_02-42-05,56106,countTrades,20,3
2025-05-05_02-42-05,56106,getMinMaxPrice,16,20
2025-05-05_02-42-05,56106,topSymbolsByVolume,14,17
2025-05-05_02-42-05,56106,insertBatchTrades,75,97
2025-05-05_02-42-05,56106,getTradesBySymbolOnly,10,11
2025-05-05_02-42-11,164777,getLastTrades,77,54
2025-05-05_02-42-11,164777,getAveragePrice,44,35
2025-05-05_02-42-11,164777,countTrades,35,2
2025-05-05_02-42-11,164777,getMinMaxPrice,52,34
2025-05-05_02-42-11,164777,topSymbolsByVolume,44,42
2025-05-05_02-42-11,164777,insertBatchTrades,140,124
2025-05-05_02-42-11,164777,getTradesBySymbolOnly,5,3
2025-05-05_02-42-16,153137,getLastTrades,76,53
2025-05-05_02-42-16,153137,getAveragePrice,56,31
2025-05-05_02-42-16,153137,countTrades,41,2
2025-05-05_02-42-16,153137,getMinMaxPrice,30,31
2025-05-05_02-42-16,153137,topSymbolsByVolume,35,36
2025-05-05_02-42-16,153137,insertBatchTrades,58,97
2025-05-05_02-42-16,153137,getTradesBySymbolOnly,5,10
2025-05-05_02-42-22,137681,getLastTrades,79,71
2025-05-05_02-42-22,137681,getAveragePrice,53,30
2025-05-05_02-42-22,137681,countTrades,43,2
2025-05-05_02-42-22,137681,getMinMaxPrice,29,38
2025-05-05_02-42-22,137681,topSymbolsByVolume,32,41
2025-05-05_02-42-22,137681,insertBatchTrades,146,170
2025-05-05_02-42-22,137681,getTradesBySymbolOnly,4,9
2025-05-05_02-42-27,148686,getLastTrades,60,76
2025-05-05_02-42-27,148686,getAveragePrice,30,30
2025-05-05_02-42-27,148686,countTrades,30,1
2025-05-05_02-42-27,148686,getMinMaxPrice,29,29
2025-05-05_02-42-27,148686,topSymbolsByVolume,33,48
2025-05-05_02-42-27,148686,insertBatchTrades,37,24
2025-05-05_02-42-27,148686,getTradesBySymbolOnly,12,7
2025-05-05_02-42-32,140214,getLastTrades,47,71
2025-05-05_02-42-32,140214,getAveragePrice,28,53
2025-05-05_02-42-32,140214,countTrades,29,3
2025-05-05_02-42-32,140214,getMinMaxPrice,28,33
2025-05-05_02-42-32,140214,topSymbolsByVolume,31,34
2025-05-05_02-42-32,140214,insertBatchTrades,219,131
2025-05-05_02-42-32,140214,getTradesBySymbolOnly,6,2
2025-05-05_02-42-36,78385,getLastTrades,48,57
2025-05-05_02-42-36,78385,getAveragePrice,34,26
2025-05-05_02-42-36,78385,countTrades,41,2
2025-05-05_02-42-36,78385,getMinMaxPrice,29,32
2025-05-05_02-42-36,78385,topSymbolsByVolume,34,30
2025-05-05_02-42-36,78385,insertBatchTrades,37,21
2025-05-05_02-42-36,78385,getTradesBySymbolOnly,13,10
2025-05-05_02-42-41,133367,getLastTrades,43,76
2025-05-05_02-42-41,133367,getAveragePrice,36,48
2025-05-05_02-42-41,133367,countTrades,35,4
2025-05-05_02-42-41,133367,getMinMaxPrice,27,36
2025-05-05_02-42-41,133367,topSymbolsByVolume,30,56
2025-05-05_02-42-41,133367,insertBatchTrades,274,249
2025-05-05_02-42-41,133367,getTradesBySymbolOnly,3,4
2025-05-05_02-42-46,112825,getLastTrades,75,65
2025-05-05_02-42-46,112825,getAveragePrice,45,26
2025-05-05_02-42-46,112825,countTrades,37,1
2025-05-05_02-42-46,112825,getMinMaxPrice,24,23
2025-05-05_02-42-46,112825,topSymbolsByVolume,25,26
2025-05-05_02-42-46,112825,insertBatchTrades,16,17
2025-05-05_02-42-46,112825,getTradesBySymbolOnly,7,4
2025-05-05_02-42-53,198237,getLastTrades,66,89
2025-05-05_02-42-53,198237,getAveragePrice,39,42
2025-05-05_02-42-53,198237,countTrades,40,3
2025-05-05_02-42-53,198237,getMinMaxPrice,38,43
2025-05-05_02-42-53,198237,topSymbolsByVolume,44,59
2025-05-05_02-42-53,198237,insertBatchTrades,224,248
2025-05-05_02-42-53,198237,getTradesBySymbolOnly,7,8
2025-05-05_02-42-59,180134,getLastTrades,82,82
2025-05-05_02-42-59,180134,getAveragePrice,54,39
2025-05-05_02-42-59,180134,countTrades,55,2
2025-05-05_02-42-59,180134,getMinMaxPrice,58,55
2025-05-05_02-42-59,180134,topSymbolsByVolume,58,45
2025-05-05_02-42-59,180134,insertBatchTrades,97,78
2025-05-05_02-42-59,180134,getTradesBySymbolOnly,10,8
2025-05-05_02-43-05,183683,getLastTrades,83,87
2025-05-05_02-43-05,183683,getAveragePrice,37,37
2025-05-05_02-43-05,183683,countTrades,36,2
2025-05-05_02-43-05,183683,getMinMaxPrice,36,51
2025-05-05_02-43-05,183683,topSymbolsByVolume,40,47
2025-05-05_02-43-05,183683,insertBatchTrades,59,86
2025-05-05_02-43-05,183683,getTradesBySymbolOnly,7,16
2025-05-05_02-43-12,196599,getLastTrades,66,110
2025-05-05_02-43-12,196599,getAveragePrice,38,44
2025-05-05_02-43-12,196599,countTrades,39,2
2025-05-05_02-43-12,196599,getMinMaxPrice,38,58
2025-05-05_02-43-12,196599,topSymbolsByVolume,43,47
2025-05-05_02-43-12,196599,insertBatchTrades,157,147
2025-05-05_02-43-12,196599,getTradesBySymbolOnly,10,10
2025-05-05_02-43-17,101804,getLastTrades,70,45
2025-05-05_02-43-17,101804,getAveragePrice,36,26
2025-05-05_02-43-17,101804,countTrades,39,3
2025-05-05_02-43-17,101804,getMinMaxPrice,33,26
2025-05-05_02-43-17,101804,topSymbolsByVolume,40,30
2025-05-05_02-43-17,101804,insertBatchTrades,264,249
2025-05-05_02-43-17,101804,getTradesBySymbolOnly,7,9
2025-05-05_02-43-22,147462,getLastTrades,58,76
2025-05-05_02-43-22,147462,getAveragePrice,28,32
2025-05-05_02-43-22,147462,countTrades,29,1
2025-05-05_02-43-22,147462,getMinMaxPrice,30,30
2025-05-05_02-43-22,147462,topSymbolsByVolume,33,35
2025-05-05_02-43-22,147462,insertBatchTrades,72,82
2025-05-05_02-43-22,147462,getTradesBySymbolOnly,12,9
2025-05-05_02-43-25,50911,getLastTrades,50,29
2025-05-05_02-43-25,50911,getAveragePrice,19,14
2025-05-05_02-43-25,50911,countTrades,19,1
2025-05-05_02-43-25,50911,getMinMaxPrice,13,12
2025-05-05_02-43-25,50911,topSymbolsByVolume,12,15
2025-05-05_02-43-25,50911,insertBatchTrades,91,96
2025-05-05_02-43-25,50911,getTradesBySymbolOnly,14,8
2025-05-05_02-43-30,85745,getLastTrades,38,37
2025-05-05_02-43-30,85745,getAveragePrice,18,20
2025-05-05_02-43-30,85745,countTrades,18,2
2025-05-05_02-43-30,85745,getMinMaxPrice,18,20
2025-05-05_02-43-30,85745,topSymbolsByVolume,21,26
2025-05-05_02-43-30,85745,insertBatchTrades,125,161
2025-05-05_02-43-30,85745,getTradesBySymbolOnly,13,10
2025-05-05_02-43-36,180434,getLastTrades,90,78
2025-05-05_02-43-36,180434,getAveragePrice,36,61
2025-05-05_02-43-36,180434,countTrades,36,4
2025-05-05_02-43-36,180434,getMinMaxPrice,34,45
2025-05-05_02-43-36,180434,topSymbolsByVolume,39,47
2025-05-05_02-43-36,180434,insertBatchTrades,252,314
2025-05-05_02-43-36,180434,getTradesBySymbolOnly,6,9
2025-05-05_02-43-40,62545,getLastTrades,31,68
2025-05-05_02-43-40,62545,getAveragePrice,14,22
2025-05-05_02-43-40,62545,countTrades,13,3
2025-05-05_02-43-40,62545,getMinMaxPrice,15,18
2025-05-05_02-43-40,62545,topSymbolsByVolume,20,22
2025-05-05_02-43-40,62545,insertBatchTrades,286,294
2025-05-05_02-43-40,62545,getTradesBySymbolOnly,15,13
2025-05-05_02-43-46,164049,getLastTrades,87,60
2025-05-05_02-43-46,164049,getAveragePrice,33,34
2025-05-05_02-43-46,164049,countTrades,33,2
2025-05-05_02-43-46,164049,getMinMaxPrice,32,50
2025-05-05_02-43-46,164049,topSymbolsByVolume,36,62
2025-05-05_02-43-46,164049,insertBatchTrades,136,149
2025-05-05_02-43-46,164049,getTradesBySymbolOnly,7,8
2025-05-05_02-43-51,136740,getLastTrades,56,41
2025-05-05_02-43-51,136740,getAveragePrice,31,29
2025-05-05_02-43-51,136740,countTrades,28,2
2025-05-05_02-43-51,136740,getMinMaxPrice,26,37
2025-05-05_02-43-51,136740,topSymbolsByVolume,64,48
2025-05-05_02-43-51,136740,insertBatchTrades,122,196
2025-05-05_02-43-51,136740,getTradesBySymbolOnly,1,3
2025-05-05_02-43-57,171857,getLastTrades,73,52
2025-05-05_02-43-57,171857,getAveragePrice,57,33
2025-05-05_02-43-57,171857,countTrades,40,2
2025-05-05_02-43-57,171857,getMinMaxPrice,36,34
2025-05-05_02-43-57,171857,topSymbolsByVolume,55,39
2025-05-05_02-43-57,171857,insertBatchTrades,42,16
2025-05-05_02-43-57,171857,getTradesBySymbolOnly,4,2
2025-05-05_02-44-03,145443,getLastTrades,76,103
2025-05-05_02-44-03,145443,getAveragePrice,41,48
2025-05-05_02-44-03,145443,countTrades,33,6
2025-05-05_02-44-03,145443,getMinMaxPrice,32,61
2025-05-05_02-44-03,145443,topSymbolsByVolume,39,40
2025-05-05_02-44-03,145443,insertBatchTrades,224,301
2025-05-05_02-44-03,145443,getTradesBySymbolOnly,9,17
2025-05-05_02-44-08,150404,getLastTrades,65,79
2025-05-05_02-44-08,150404,getAveragePrice,29,34
2025-05-05_02-44-08,150404,countTrades,29,3
2025-05-05_02-44-08,150404,getMinMaxPrice,29,54
2025-05-05_02-44-08,150404,topSymbolsByVolume,33,46
2025-05-05_02-44-08,150404,insertBatchTrades,270,292
2025-05-05_02-44-08,150404,getTradesBySymbolOnly,3,3
2025-05-05_02-44-12,55224,getLastTrades,34,70
2025-05-05_02-44-12,55224,getAveragePrice,16,38
2025-05-05_02-44-12,55224,countTrades,12,9
2025-05-05_02-44-12,55224,getMinMaxPrice,11,36
2025-05-05_02-44-12,55224,topSymbolsByVolume,14,46
2025-05-05_02-44-12,55224,insertBatchTrades,265,273
2025-05-05_02-44-12,55224,getTradesBySymbolOnly,11,7
2025-05-05_02-44-17,130327,getLastTrades,46,64
2025-05-05_02-44-17,130327,getAveragePrice,26,45
2025-05-05_02-44-17,130327,countTrades,26,2
2025-05-05_02-44-17,130327,getMinMaxPrice,25,52
2025-05-05_02-44-17,130327,topSymbolsByVolume,29,40
2025-05-05_02-44-17,130327,insertBatchTrades,89,85
2025-05-05_02-44-17,130327,getTradesBySymbolOnly,18,9
2025-05-05_02-44-20,51267,getLastTrades,26,41
2025-05-05_02-44-20,51267,getAveragePrice,13,24
2025-05-05_02-44-20,51267,countTrades,15,3
2025-05-05_02-44-20,51267,getMinMaxPrice,18,19
2025-05-05_02-44-20,51267,topSymbolsByVolume,22,17
2025-05-05_02-44-20,51267,insertBatchTrades,82,106
2025-05-05_02-44-20,51267,getTradesBySymbolOnly,6,13
2025-05-05_02-44-25,95848,getLastTrades,60,68
2025-05-05_02-44-25,95848,getAveragePrice,25,27
2025-05-05_02-44-25,95848,countTrades,24,3
2025-05-05_02-44-25,95848,getMinMaxPrice,31,24
2025-05-05_02-44-25,95848,topSymbolsByVolume,22,28
2025-05-05_02-44-25,95848,insertBatchTrades,217,242
2025-05-05_02-44-25,95848,getTradesBySymbolOnly,9,8
2025-05-05_02-44-29,123404,getLastTrades,66,68
2025-05-05_02-44-29,123404,getAveragePrice,26,27
2025-05-05_02-44-29,123404,countTrades,25,1
2025-05-05_02-44-29,123404,getMinMaxPrice,24,27
2025-05-05_02-44-29,123404,topSymbolsByVolume,28,31
2025-05-05_02-44-29,123404,insertBatchTrades,131,182
2025-05-05_02-44-29,123404,getTradesBySymbolOnly,9,12
2025-05-05_02-44-35,139931,getLastTrades,60,69
2025-05-05_02-44-35,139931,getAveragePrice,30,28
2025-05-05_02-44-35,139931,countTrades,47,1
2025-05-05_02-44-35,139931,getMinMaxPrice,39,28
2025-05-05_02-44-35,139931,topSymbolsByVolume,37,32
2025-05-05_02-44-35,139931,insertBatchTrades,56,72
2025-05-05_02-44-35,139931,getTradesBySymbolOnly,1,2
2025-05-05_02-44-40,142510,getLastTrades,53,59
2025-05-05_02-44-40,142510,getAveragePrice,44,32
2025-05-05_02-44-40,142510,countTrades,32,2
2025-05-05_02-44-40,142510,getMinMaxPrice,28,33
2025-05-05_02-44-40,142510,topSymbolsByVolume,48,37
2025-05-05_02-44-40,142510,insertBatchTrades,257,243
2025-05-05_02-44-40,142510,getTradesBySymbolOnly,7,7
2025-05-05_02-44-44,94541,getLastTrades,39,56
2025-05-05_02-44-44,94541,getAveragePrice,19,31
2025-05-05_02-44-44,94541,countTrades,20,2
2025-05-05_02-44-44,94541,getMinMaxPrice,19,22
2025-05-05_02-44-44,94541,topSymbolsByVolume,23,24
2025-05-05_02-44-44,94541,insertBatchTrades,58,87
2025-05-05_02-44-44,94541,getTradesBySymbolOnly,3,6
2025-05-05_02-44-48,65300,getLastTrades,40,48
2025-05-05_02-44-48,65300,getAveragePrice,23,23
2025-05-05_02-44-48,65300,countTrades,27,2
2025-05-05_02-44-48,65300,getMinMaxPrice,23,18
2025-05-05_02-44-48,65300,topSymbolsByVolume,33,17
2025-05-05_02-44-48,65300,insertBatchTrades,93,86
2025-05-05_02-44-48,65300,getTradesBySymbolOnly,10,15
2025-05-05_02-44-51,62826,getLastTrades,32,29
2025-05-05_02-44-51,62826,getAveragePrice,13,15
2025-05-05_02-44-51,62826,countTrades,14,2
2025-05-05_02-44-51,62826,getMinMaxPrice,13,15
2025-05-05_02-44-51,62826,topSymbolsByVolume,17,18
2025-05-05_02-44-51,62826,insertBatchTrades,57,95
2025-05-05_02-44-51,62826,getTradesBySymbolOnly,5,12
2025-05-05_02-44-54,53359,getLastTrades,26,42
2025-05-05_02-44-54,53359,getAveragePrice,12,22
2025-05-05_02-44-54,53359,countTrades,16,2
2025-05-05_02-44-54,53359,getMinMaxPrice,18,20
2025-05-05_02-44-54,53359,topSymbolsByVolume,26,16
2025-05-05_02-44-54,53359,insertBatchTrades,112,111
2025-05-05_02-44-54,53359,getTradesBySymbolOnly,5,4
2025-05-05_02-44-58,68286,getLastTrades,31,53
2025-05-05_02-44-58,68286,getAveragePrice,15,26
2025-05-05_02-44-58,68286,countTrades,15,3
2025-05-05_02-44-58,68286,getMinMaxPrice,14,17
2025-05-05_02-44-58,68286,topSymbolsByVolume,16,21
2025-05-05_02-44-58,68286,insertBatchTrades,160,127
2025-05-05_02-44-58,68286,getTradesBySymbolOnly,5,5
2025-05-05_02-45-03,129443,getLastTrades,44,66
2025-05-05_02-45-03,129443,getAveragePrice,26,28
2025-05-05_02-45-03,129443,countTrades,26,2
2025-05-05_02-45-03,129443,getMinMaxPrice,30,27
2025-05-05_02-45-03,129443,topSymbolsByVolume,51,32
2025-05-05_02-45-03,129443,insertBatchTrades,209,115
2025-05-05_02-45-03,129443,getTradesBySymbolOnly,10,5
2025-05-05_02-45-09,173865,getLastTrades,74,72
2025-05-05_02-45-09,173865,getAveragePrice,34,38
2025-05-05_02-45-09,173865,countTrades,34,3
2025-05-05_02-45-09,173865,getMinMaxPrice,33,38
2025-05-05_02-45-09,173865,topSymbolsByVolume,37,45
2025-05-05_02-45-09,173865,insertBatchTrades,279,237
2025-05-05_02-45-09,173865,getTradesBySymbolOnly,5,5
2025-05-05_02-45-15,152758,getLastTrades,68,67
2025-05-05_02-45-15,152758,getAveragePrice,30,29
2025-05-05_02-45-15,152758,countTrades,31,1
2025-05-05_02-45-15,152758,getMinMaxPrice,30,30
2025-05-05_02-45-15,152758,topSymbolsByVolume,35,35
2025-05-05_02-45-15,152758,insertBatchTrades,39,15
2025-05-05_02-45-15,152758,getTradesBySymbolOnly,2,2
2025-05-05_02-45-21,180373,getLastTrades,57,60
2025-05-05_02-45-21,180373,getAveragePrice,35,47
2025-05-05_02-45-21,180373,countTrades,51,2
2025-05-05_02-45-21,180373,getMinMaxPrice,51,42
2025-05-05_02-45-21,180373,topSymbolsByVolume,39,56
2025-05-05_02-45-21,180373,insertBatchTrades,160,137
2025-05-05_02-45-21,180373,getTradesBySymbolOnly,1,3
2025-05-05_02-45-24,51114,getLastTrades,43,48
2025-05-05_02-45-24,51114,getAveragePrice,25,23
2025-05-05_02-45-24,51114,countTrades,22,2
2025-05-05_02-45-24,51114,getMinMaxPrice,19,23
2025-05-05_02-45-24,51114,topSymbolsByVolume,15,18
2025-05-05_02-45-24,51114,insertBatchTrades,78,79
2025-05-05_02-45-24,51114,getTradesBySymbolOnly,10,5
2025-05-05_02-45-29,105008,getLastTrades,71,72
2025-05-05_02-45-29,105008,getAveragePrice,39,25
2025-05-05_02-45-29,105008,countTrades,33,2
2025-05-05_02-45-29,105008,getMinMaxPrice,21,23
2025-05-05_02-45-29,105008,topSymbolsByVolume,24,26
2025-05-05_02-45-29,105008,insertBatchTrades,193,113
2025-05-05_02-45-29,105008,getTradesBySymbolOnly,6,7
2025-05-05_02-45-35,172466,getLastTrades,52,80
2025-05-05_02-45-35,172466,getAveragePrice,34,35
2025-05-05_02-45-35,172466,countTrades,36,3
2025-05-05_02-45-35,172466,getMinMaxPrice,33,36
2025-05-05_02-45-35,172466,topSymbolsByVolume,39,44
2025-05-05_02-45-35,172466,insertBatchTrades,127,131
2025-05-05_02-45-35,172466,getTradesBySymbolOnly,3,3
2025-05-05_02-45-40,142987,getLastTrades,71,50
2025-05-05_02-45-40,142987,getAveragePrice,28,42
2025-05-05_02-45-40,142987,countTrades,40,2
2025-05-05_02-45-40,142987,getMinMaxPrice,39,57
2025-05-05_02-45-40,142987,topSymbolsByVolume,31,56
2025-05-05_02-45-40,142987,insertBatchTrades,124,87
2025-05-05_02-45-40,142987,getTradesBySymbolOnly,7,7
2025-05-05_02-45-47,194210,getLastTrades,98,94
2025-05-05_02-45-47,194210,getAveragePrice,38,43
2025-05-05_02-45-47,194210,countTrades,38,2
2025-05-05_02-45-47,194210,getMinMaxPrice,37,42
2025-05-05_02-45-47,194210,topSymbolsByVolume,44,50
2025-05-05_02-45-47,194210,insertBatchTrades,234,241
2025-05-05_02-45-47,194210,getTradesBySymbolOnly,7,14
2025-05-05_02-45-51,53085,getLastTrades,39,51
2025-05-05_02-45-51,53085,getAveragePrice,22,29
2025-05-05_02-45-51,53085,countTrades,22,6
2025-05-05_02-45-51,53085,getMinMaxPrice,14,22
2025-05-05_02-45-51,53085,topSymbolsByVolume,13,19
2025-05-05_02-45-51,53085,insertBatchTrades,322,267
2025-05-05_02-45-51,53085,getTradesBySymbolOnly,7,9
2025-05-05_02-45-56,135971,getLastTrades,70,78
2025-05-05_02-45-56,135971,getAveragePrice,35,44
2025-05-05_02-45-56,135971,countTrades,27,3
2025-05-05_02-45-56,135971,getMinMaxPrice,26,48
2025-05-05_02-45-56,135971,topSymbolsByVolume,30,54
2025-05-05_02-45-56,135971,insertBatchTrades,202,280
2025-05-05_02-45-56,135971,getTradesBySymbolOnly,8,15
2025-05-05_02-46-01,141449,getLastTrades,68,84
2025-05-05_02-46-01,141449,getAveragePrice,28,50
2025-05-05_02-46-01,141449,countTrades,28,2
2025-05-05_02-46-01,141449,getMinMaxPrice,28,32
2025-05-05_02-46-01,141449,topSymbolsByVolume,31,32
2025-05-05_02-46-01,141449,insertBatchTrades,36,14
2025-05-05_02-46-01,141449,getTradesBySymbolOnly,14,7
2025-05-05_02-46-07,165673,getLastTrades,87,81
2025-05-05_02-46-07,165673,getAveragePrice,32,34
2025-05-05_02-46-07,165673,countTrades,33,2
2025-05-05_02-46-07,165673,getMinMaxPrice,32,34
2025-05-05_02-46-07,165673,topSymbolsByVolume,36,40
2025-05-05_02-46-07,165673,insertBatchTrades,108,132
2025-05-05_02-46-07,165673,getTradesBySymbolOnly,8,7
2025-05-05_02-46-10,64198,getLastTrades,29,40
2025-05-05_02-46-10,64198,getAveragePrice,19,26
2025-05-05_02-46-10,64198,countTrades,27,3
2025-05-05_02-46-10,64198,getMinMaxPrice,24,17
2025-05-05_02-46-10,64198,topSymbolsByVolume,17,19
2025-05-05_02-46-10,64198,insertBatchTrades,117,182
2025-05-05_02-46-10,64198,getTradesBySymbolOnly,3,5
2025-05-05_02-46-16,163748,getLastTrades,53,79
2025-05-05_02-46-16,163748,getAveragePrice,31,34
2025-05-05_02-46-16,163748,countTrades,32,2
2025-05-05_02-46-16,163748,getMinMaxPrice,32,34
2025-05-05_02-46-16,163748,topSymbolsByVolume,36,40
2025-05-05_02-46-16,163748,insertBatchTrades,169,139
2025-05-05_02-46-16,163748,getTradesBySymbolOnly,9,8
2025-05-05_02-46-20,60466,getLastTrades,28,33
2025-05-05_02-46-20,60466,getAveragePrice,19,15
2025-05-05_02-46-20,60466,countTrades,22,2
2025-05-05_02-46-20,60466,getMinMaxPrice,14,15
2025-05-05_02-46-20,60466,topSymbolsByVolume,14,19
2025-05-05_02-46-20,60466,insertBatchTrades,157,198
2025-05-05_02-46-20,60466,getTradesBySymbolOnly,7,9
2025-05-05_02-46-25,138666,getLastTrades,55,52
2025-05-05_02-46-25,138666,getAveragePrice,27,43
2025-05-05_02-46-25,138666,countTrades,27,2
2025-05-05_02-46-25,138666,getMinMaxPrice,26,47
2025-05-05_02-46-25,138666,topSymbolsByVolume,30,34
2025-05-05_02-46-25,138666,insertBatchTrades,130,150
2025-05-05_02-46-25,138666,getTradesBySymbolOnly,7,7
2025-05-05_02-46-30,140319,getLastTrades,62,64
2025-05-05_02-46-30,140319,getAveragePrice,27,27
2025-05-05_02-46-30,140319,countTrades,29,1
2025-05-05_02-46-30,140319,getMinMaxPrice,27,30
2025-05-05_02-46-30,140319,topSymbolsByVolume,31,31
2025-05-05_02-46-30,140319,insertBatchTrades,39,16
2025-05-05_02-46-30,140319,getTradesBySymbolOnly,6,1
2025-05-05_02-46-34,94417,getLastTrades,37,58
2025-05-05_02-46-34,94417,getAveragePrice,24,22
2025-05-05_02-46-34,94417,countTrades,37,0
2025-05-05_02-46-34,94417,getMinMaxPrice,33,20
2025-05-05_02-46-34,94417,topSymbolsByVolume,24,21
2025-05-05_02-46-34,94417,insertBatchTrades,33,16
2025-05-05_02-46-34,94417,getTradesBySymbolOnly,5,2
2025-05-05_02-46-38,97025,getLastTrades,54,34
2025-05-05_02-46-38,97025,getAveragePrice,28,20
2025-05-05_02-46-38,97025,countTrades,20,1
2025-05-05_02-46-38,97025,getMinMaxPrice,20,20
2025-05-05_02-46-38,97025,topSymbolsByVolume,22,24
2025-05-05_02-46-38,97025,insertBatchTrades,78,71
2025-05-05_02-46-38,97025,getTradesBySymbolOnly,3,2
2025-05-05_02-46-45,189392,getLastTrades,62,92
2025-05-05_02-46-45,189392,getAveragePrice,37,41
2025-05-05_02-46-45,189392,countTrades,38,3
2025-05-05_02-46-45,189392,getMinMaxPrice,37,41
2025-05-05_02-46-45,189392,topSymbolsByVolume,43,49
2025-05-05_02-46-45,189392,insertBatchTrades,223,257
2025-05-05_02-46-45,189392,getTradesBySymbolOnly,14,9
2025-05-05_02-46-50,157798,getLastTrades,48,69
2025-05-05_02-46-50,157798,getAveragePrice,31,53
2025-05-05_02-46-50,157798,countTrades,31,2
2025-05-05_02-46-50,157798,getMinMaxPrice,31,52
2025-05-05_02-46-50,157798,topSymbolsByVolume,35,36
2025-05-05_02-46-50,157798,insertBatchTrades,42,20
2025-05-05_02-46-50,157798,getTradesBySymbolOnly,5,8
2025-05-05_02-46-56,124556,getLastTrades,63,52
2025-05-05_02-46-56,124556,getAveragePrice,42,30
2025-05-05_02-46-56,124556,countTrades,45,3
2025-05-05_02-46-56,124556,getMinMaxPrice,42,30
2025-05-05_02-46-56,124556,topSymbolsByVolume,39,38
2025-05-05_02-46-56,124556,insertBatchTrades,308,232
2025-05-05_02-46-56,124556,getTradesBySymbolOnly,3,4
2025-05-05_02-47-02,176355,getLastTrades,62,97
2025-05-05_02-47-02,176355,getAveragePrice,34,55
2025-05-05_02-47-02,176355,countTrades,48,2
2025-05-05_02-47-02,176355,getMinMaxPrice,48,58
2025-05-05_02-47-02,176355,topSymbolsByVolume,39,42
2025-05-05_02-47-02,176355,insertBatchTrades,127,144
2025-05-05_02-47-02,176355,getTradesBySymbolOnly,10,20
2025-05-05_02-47-05,65087,getLastTrades,44,40
2025-05-05_02-47-05,65087,getAveragePrice,25,22
2025-05-05_02-47-05,65087,countTrades,18,1
2025-05-05_02-47-05,65087,getMinMaxPrice,20,25
2025-05-05_02-47-05,65087,topSymbolsByVolume,20,27
2025-05-05_02-47-05,65087,insertBatchTrades,18,25
2025-05-05_02-47-05,65087,getTradesBySymbolOnly,6,4
2025-05-05_02-47-10,116765,getLastTrades,42,52
2025-05-05_02-47-10,116765,getAveragePrice,22,28
2025-05-05_02-47-10,116765,countTrades,23,2
2025-05-05_02-47-10,116765,getMinMaxPrice,22,25
2025-05-05_02-47-10,116765,topSymbolsByVolume,25,29
2025-05-05_02-47-10,116765,insertBatchTrades,139,173
2025-05-05_02-47-10,116765,getTradesBySymbolOnly,12,7
2025-05-05_02-47-15,134807,getLastTrades,55,66
2025-05-05_02-47-15,134807,getAveragePrice,30,34
2025-05-05_02-47-15,134807,countTrades,30,2
2025-05-05_02-47-15,134807,getMinMaxPrice,26,62
2025-05-05_02-47-15,134807,topSymbolsByVolume,29,71
2025-05-05_02-47-15,134807,insertBatchTrades,142,106
2025-05-05_02-47-15,134807,getTradesBySymbolOnly,15,10
2025-05-05_02-47-18,71209,getLastTrades,31,68
2025-05-05_02-47-18,71209,getAveragePrice,17,18
2025-05-05_02-47-18,71209,countTrades,15,2
2025-05-05_02-47-18,71209,getMinMaxPrice,14,17
2025-05-05_02-47-18,71209,topSymbolsByVolume,16,21
2025-05-05_02-47-18,71209,insertBatchTrades,118,119
2025-05-05_02-47-18,71209,getTradesBySymbolOnly,1,1
2025-05-05_02-47-22,70752,getLastTrades,45,42
2025-05-05_02-47-22,70752,getAveragePrice,29,27
2025-05-05_02-47-22,70752,countTrades,28,1
2025-05-05_02-47-22,70752,getMinMaxPrice,23,34
2025-05-05_02-47-22,70752,topSymbolsByVolume,18,35
2025-05-05_02-47-22,70752,insertBatchTrades,16,31
2025-05-05_02-47-22,70752,getTradesBySymbolOnly,8,11
2025-05-05_02-47-26,76998,getLastTrades,31,43
2025-05-05_02-47-26,76998,getAveragePrice,15,20
2025-05-05_02-47-26,76998,countTrades,15,2
2025-05-05_02-47-26,76998,getMinMaxPrice,15,21
2025-05-05_02-47-26,76998,topSymbolsByVolume,17,24
2025-05-05_02-47-26,76998,insertBatchTrades,239,293
2025-05-05_02-47-26,76998,getTradesBySymbolOnly,8,16
2025-05-05_02-47-31,142975,getLastTrades,68,54
2025-05-05_02-47-31,142975,getAveragePrice,47,45
2025-05-05_02-47-31,142975,countTrades,56,1
2025-05-05_02-47-31,142975,getMinMaxPrice,69,47
2025-05-05_02-47-31,142975,topSymbolsByVolume,56,64
2025-05-05_02-47-31,142975,insertBatchTrades,39,26
2025-05-05_02-47-31,142975,getTradesBySymbolOnly,7,4
2025-05-05_02-47-37,190880,getLastTrades,70,106
2025-05-05_02-47-37,190880,getAveragePrice,37,48
2025-05-05_02-47-37,190880,countTrades,37,1
2025-05-05_02-47-37,190880,getMinMaxPrice,37,36
2025-05-05_02-47-37,190880,topSymbolsByVolume,43,44
2025-05-05_02-47-37,190880,insertBatchTrades,43,18
2025-05-05_02-47-37,190880,getTradesBySymbolOnly,8,3
2025-05-05_02-47-41,58651,getLastTrades,36,32
2025-05-05_02-47-41,58651,getAveragePrice,22,18
2025-05-05_02-47-41,58651,countTrades,15,3
2025-05-05_02-47-41,58651,getMinMaxPrice,12,27
2025-05-05_02-47-41,58651,topSymbolsByVolume,14,25
2025-05-05_02-47-41,58651,insertBatchTrades,96,141
2025-05-05_02-47-41,58651,getTradesBySymbolOnly,6,7
2025-05-05_02-47-47,182544,getLastTrades,54,71
2025-05-05_02-47-47,182544,getAveragePrice,35,36
2025-05-05_02-47-47,182544,countTrades,36,1
2025-05-05_02-47-47,182544,getMinMaxPrice,43,42
2025-05-05_02-47-47,182544,topSymbolsByVolume,62,52
2025-05-05_02-47-47,182544,insertBatchTrades,47,50
2025-05-05_02-47-47,182544,getTradesBySymbolOnly,4,5
2025-05-05_02-47-54,198267,getLastTrades,102,87
2025-05-05_02-47-54,198267,getAveragePrice,50,45
2025-05-05_02-47-54,198267,countTrades,41,2
2025-05-05_02-47-54,198267,getMinMaxPrice,39,63
2025-05-05_02-47-54,198267,topSymbolsByVolume,45,77
2025-05-05_02-47-54,198267,insertBatchTrades,17,30
2025-05-05_02-47-54,198267,getTradesBySymbolOnly,3,4
2025-05-05_02-47-57,59886,getLastTrades,23,34
2025-05-05_02-47-57,59886,getAveragePrice,12,24
2025-05-05_02-47-57,59886,countTrades,13,1
2025-05-05_02-47-57,59886,getMinMaxPrice,12,26
2025-05-05_02-47-57,59886,topSymbolsByVolume,17,21
2025-05-05_02-47-57,59886,insertBatchTrades,21,19
2025-05-05_02-47-57,59886,getTradesBySymbolOnly,5,3
2025-05-05_02-48-04,188555,getLastTrades,73,63
2025-05-05_02-48-04,188555,getAveragePrice,55,38
2025-05-05_02-48-04,188555,countTrades,47,2
2025-05-05_02-48-04,188555,getMinMaxPrice,36,52
2025-05-05_02-48-04,188555,topSymbolsByVolume,43,52
2025-05-05_02-48-04,188555,insertBatchTrades,189,138
2025-05-05_02-48-04,188555,getTradesBySymbolOnly,6,6
2025-05-05_02-48-09,160211,getLastTrades,51,53
2025-05-05_02-48-09,160211,getAveragePrice,31,32
2025-05-05_02-48-09,160211,countTrades,32,1
2025-05-05_02-48-09,160211,getMinMaxPrice,32,34
2025-05-05_02-48-09,160211,topSymbolsByVolume,36,38
2025-05-05_02-48-09,160211,insertBatchTrades,35,17
2025-05-05_02-48-09,160211,getTradesBySymbolOnly,6,2
2025-05-05_02-48-15,176660,getLastTrades,64,80
2025-05-05_02-48-15,176660,getAveragePrice,60,53
2025-05-05_02-48-15,176660,countTrades,50,2
2025-05-05_02-48-15,176660,getMinMaxPrice,43,57
2025-05-05_02-48-15,176660,topSymbolsByVolume,38,40
2025-05-05_02-48-15,176660,insertBatchTrades,15,17
2025-05-05_02-48-15,176660,getTradesBySymbolOnly,9,4
2025-05-05_02-48-18,54429,getLastTrades,29,31
2025-05-05_02-48-18,54429,getAveragePrice,20,21
2025-05-05_02-48-18,54429,countTrades,22,1
2025-05-05_02-48-18,54429,getMinMaxPrice,21,17
2025-05-05_02-48-18,54429,topSymbolsByVolume,17,14
2025-05-05_02-48-18,54429,insertBatchTrades,26,20
2025-05-05_02-48-18,54429,getTradesBySymbolOnly,15,5
2025-05-05_02-48-22,66081,getLastTrades,30,36
2025-05-05_02-48-22,66081,getAveragePrice,14,19
2025-05-05_02-48-22,66081,countTrades,14,3
2025-05-05_02-48-22,66081,getMinMaxPrice,16,18
2025-05-05_02-48-22,66081,topSymbolsByVolume,27,24
2025-05-05_02-48-22,66081,insertBatchTrades,221,267
2025-05-05_02-48-22,66081,getTradesBySymbolOnly,8,10
2025-05-05_02-48-28,158522,getLastTrades,64,77
2025-05-05_02-48-28,158522,getAveragePrice,30,36
2025-05-05_02-48-28,158522,countTrades,31,2
2025-05-05_02-48-28,158522,getMinMaxPrice,30,36
2025-05-05_02-48-28,158522,topSymbolsByVolume,49,45
2025-05-05_02-48-28,158522,insertBatchTrades,245,550
2025-05-05_02-48-28,158522,getTradesBySymbolOnly,8,13
2025-05-05_02-48-32,117850,getLastTrades,40,45
2025-05-05_02-48-32,117850,getAveragePrice,23,26
2025-05-05_02-48-32,117850,countTrades,23,1
2025-05-05_02-48-32,117850,getMinMaxPrice,23,23
2025-05-05_02-48-32,117850,topSymbolsByVolume,26,26
2025-05-05_02-48-32,117850,insertBatchTrades,30,51
2025-05-05_02-48-32,117850,getTradesBySymbolOnly,4,2
2025-05-05_02-48-36,123306,getLastTrades,45,52
2025-05-05_02-48-36,123306,getAveragePrice,23,27
2025-05-05_02-48-36,123306,countTrades,24,1
2025-05-05_02-48-36,123306,getMinMaxPrice,23,26
2025-05-05_02-48-36,123306,topSymbolsByVolume,26,29
2025-05-05_02-48-36,123306,insertBatchTrades,221,110
2025-05-05_02-48-36,123306,getTradesBySymbolOnly,4,4
2025-05-05_02-48-40,85334,getLastTrades,44,41
2025-05-05_02-48-40,85334,getAveragePrice,19,21
2025-05-05_02-48-40,85334,countTrades,19,3
2025-05-05_02-48-40,85334,getMinMaxPrice,17,23
2025-05-05_02-48-40,85334,topSymbolsByVolume,19,26
2025-05-05_02-48-40,85334,insertBatchTrades,228,212
2025-05-05_02-48-40,85334,getTradesBySymbolOnly,11,9
